Speed;Power;Load;Engines;Propellers;dSpeed;fuelcons
0.1;0.0016157753139448433;0.050000191216013484;1;1;15.3;273.7369894544135
0.2;0.011662206417058627;0.050001380142771244;1;1;15.3;273.73681569687346
0.30000000000000004;0.0371738243611304;0.05000439926915516;1;1;15.3;273.7363744632488
0.4;0.08470535067801709;0.05001002430185539;1;1;15.3;273.7355523913753
0.5;0.1605277328029222;0.050018997364828746;1;1;15.3;273.73424103384536
0.6;0.27070502690519666;0.050032036097858605;1;1;15.3;273.7323355325478
0.7000000000000001;0.4211364008597125;0.050049838627320674;1;1;15.3;273.729733897341
0.8;0.6175827471042569;0.050073086715633645;1;1;15.3;273.7263365517147
0.9;0.8656851411584356;0.05010244794569922;1;1;15.3;273.7220460202456
1.0;1.1709784682068851;0.05013857733351561;1;1;15.3;273.71676670034304
1.1;1.5389019576283414;0.05018211857486726;1;1;15.3;273.71040468815767
1.2000000000000002;1.9748076237410956;0.050233705044229714;1;1;15.3;273.7028676413549
1.3000000000000003;2.4839672256868495;0.05029396061842448;1;1;15.3;273.6940646681257
1.4000000000000001;3.0715781430761537;0.050363500371961675;1;1;15.3;273.68390623554933
1.5000000000000002;3.742768435072199;0.05044293117574819;1;1;15.3;273.67230409265744
1.6;4.502601269901557;0.05053285222129013;1;1;15.3;273.65917120494316
1.7000000000000002;5.35607885923342;0.05063385548629981;1;1;15.3;273.6444216979745
1.8000000000000003;6.308145996482058;0.050746526153429825;1;1;15.3;273.627970808381
1.9000000000000001;7.3636932735668434;0.05087144299095466;1;1;15.3;273.60973484091045
2.0;8.527560033248829;0.051009178702159624;1;1;15.3;273.58963113055484
2.1;9.804537101526222;0.05116030024870132;1;1;15.3;273.5675780089648
2.2;11.199369335225338;0.05132536915209768;1;1;15.3;273.5434947745346
2.3000000000000003;12.716758012896381;0.051504941776674126;1;1;15.3;273.5173016656626
2.4000000000000004;14.361363091758019;0.05169956959665775;1;1;15.3;273.4889198367862
2.5000000000000004;16.13780534928399;0.05190979944961941;1;1;15.3;273.458271336863
2.6;18.050668424773463;0.0521361737780797;1;1;15.3;273.4252790900283
2.7;20.10450077367229;0.05237923086078962;1;1;15.3;273.3898668782029
2.8000000000000003;22.303817545351862;0.052639505034952884;1;1;15.3;273.35195932546316
2.9000000000000004;24.65310239338951;0.0529175269104603;1;1;15.3;273.31148188401477
3.0000000000000004;27.156809226039865;0.053213823577046133;1;1;15.3;273.26836082163635
3.1;29.819363903474038;0.053528918805144855;1;1;15.3;273.22252321047785
3.2;32.64516588744555;0.05386333324111782;1;1;15.3;273.1738969171175
3.3000000000000003;35.63858984827562;0.054217584597429064;1;1;15.3;273.12241059379323
3.4000000000000004;38.80398723341015;0.054592187838273395;1;1;15.3;273.0679936707392
3.5000000000000004;42.145687801260486;0.05498765536109591;1;1;15.3;273.010576349564
3.6;45.66800112358276;0.055404497174388494;1;1;15.3;272.95008959762015
3.7;49.37521805926037;0.055843221072101816;1;1;15.3;272.88646514332027
3.8000000000000003;53.27161220202115;0.05630433280497292;1;1;15.3;272.81963547236046
3.9000000000000004;57.36144130433454;0.05678833624903368;1;1;15.3;272.74953382482045
4.0;61.648948679485244;0.057295733571536715;1;1;15.3;272.676094193112
4.1;66.13836458360707;0.057827025394509714;1;1;15.3;272.59925132075307
4.2;70.8339075792726;0.05838271095612693;1;1;15.3;272.5189407019497
4.3;75.73978588207125;0.0589632882700676;1;1;15.3;272.43509858196984
4.3999999999999995;80.86019869146737;0.05956925428301389;1;1;15.3;272.34766195829707
4.5;86.1993375071014;0.0602011050304262;1;1;15.3;272.25656858255576
4.6;91.76138743158768;0.060859335790720434;1;1;15.3;272.1617569632012
4.7;97.55052846076653;0.06154444123796053;1;1;15.3;272.0631663689704
4.8;103.57093676227679;0.06225691559316885;1;1;15.3;271.96073683309214
4.9;109.82678594324084;0.06299725277434802;1;1;15.3;271.85440915825666
5.0;116.32224830778596;0.06376594654530011;1;1;15.3;271.74412492234757
5.1;123.06149610505945;0.06456349066332064;1;1;15.3;271.6298264849392
5.2;130.0487027683459;0.06539037902583976;1;1;15.3;271.51145699456583
5.3;137.28804414583945;0.06624710581607567;1;1;15.3;271.3889603967706
5.4;144.78369972358394;0.06713416564776141;1;1;15.3;271.262281442941
5.5;152.53985384105022;0.06805205370900003;1;1;15.3;271.13136569994424
5.6;160.56069689978494;0.0690012659053;1;1;15.3;270.9961595605701
5.7;168.85042656553185;0.06998229900183808;1;1;15.3;270.8566102547985
5.8;177.41324896419616;0.07099565076499362;1;1;15.3;270.7126658619014
5.9;186.25337987199714;0.07204182010319493;1;1;15.3;270.5642753233991
6.0;195.37504590012503;0.07312130720711539;1;1;15.3;270.41138845688226
6.1;204.78248567420312;0.07423461368925481;1;1;15.3;270.25395597072173
6.2;214.47995100882545;0.07538224272293792;1;1;15.3;270.09192947968154
6.3;224.47170807743026;0.07656469918076099;1;1;15.3;269.9252615214569
6.4;234.76203857774877;0.07778248977251465;1;1;15.3;269.75390557415653
6.5;245.35524089305034;0.07903612318260951;1;1;15.3;269.57781607475147
6.6;256.25563124939475;0.08032611020702897;1;1;15.3;269.39694843851385
6.7;267.46754486908804;0.0816529638898329;1;1;15.3;269.21125907946794
6.8;278.99533712052136;0.08301719965923329;1;1;15.3;269.02070543187926
6.9;290.84338466456865;0.08441933546326257;1;1;15.3;268.8252459728071
7.0;303.0160865977006;0.08585989190505333;1;1;15.3;268.62484024574695
7.1;315.51786559197063;0.087339392377748;1;1;15.3;268.4194488853902
7.2;328.35316903200817;0.08885836319905423;1;1;15.3;268.2090336435299
7.3;341.52647014916226;0.09041733374546299;1;1;15.3;267.9935574161428
7.4;355.0422691529125;0.09201683658614349;1;1;15.3;267.7729842716756
7.5;368.905094359673;0.09365740761652935;1;1;15.3;267.54727948057
7.6;383.1195033190988;0.09533958619160933;1;1;15.3;267.3164095460559
7.7;397.6900839379979;0.09706391525893467;1;1;15.3;267.08034223624816
7.8;412.6214556019568;0.09883094149135584;1;1;15.3;266.8390466175792
7.9;427.91827029476434;0.10064121541949875;1;1;15.3;266.59249308960426
8.0;443.5852137157319;0.10249529156399194;1;1;15.3;266.34065342121437
8.1;459.62700639498877;0.10439372856745428;1;1;15.3;266.0835007882939
8.2;476.04840480683583;0.10633708932625276;1;1;15.3;265.8210098128614
8.3;492.8542024812374;0.10832594112203993;1;1;15.3;265.55315660373236
8.4;510.0492311135105;0.11036085575307816;1;1;15.3;265.2799187987438
8.5;527.6383616723008;0.11244240966536104;1;1;15.3;265.0012756085814
8.6;545.6265055058906;0.11457118408353735;1;1;15.3;264.7172078622522
8.7;564.018615446913;0.11674776514164652;1;1;15.3;264.4276980542442
8.8;582.8196869155256;0.11897274401367167;1;1;15.3;264.13273039341834
8.9;602.0347590211071;0.12124671704391801;1;1;15.3;263.83229085367714
9.0;621.6689156625159;0.12357028587722083;1;1;15.3;263.52636722645656
9.1;641.7272866269832;0.1259440575889921;1;1;15.3;263.2149491750875
9.2;662.2150486876659;0.12836864481510837;1;1;15.3;262.89802829107634
9.3;683.1374266999261;0.13084466588164806;1;1;15.3;262.57559815235305
9.4;704.4996946963645;0.133372744934481;1;1;15.3;262.24765438353745
9.5;726.3071769806644;0.13595351206871767;1;1;15.3;261.91419471827555
9.6;748.5652492202779;0.13858760345802107;1;1;15.3;261.57521906369834
9.700000000000001;771.2793395379923;0.14127566148378606;1;1;15.3;261.2307295670576
9.8;794.4549296024238;0.14401833486419216;1;1;15.3;260.8807306845925
9.9;818.0975557174578;0.1468162787831311;1;1;15.3;260.5252292526855
10.0;842.2128099106885;0.1496701550190164;1;1;15.3;260.1642345613622
10.1;866.8063410208694;0.15258063207347564;1;1;15.3;259.79775843019684
10.200000000000001;891.8838557844298;0.1555483852999325;1;1;15.3;259.4258152866809
10.3;917.451119921059;0.15857409703207798;1;1;15.3;259.0484222471181
10.4;943.513959218417;0.1616584567122387;1;1;15.3;258.6655992001069
10.5;970.0782606159727;0.16480216101964176;1;1;15.3;258.27736889267527
10.6;997.1499732880127;0.1680059139985814;1;1;15.3;257.883757019133
10.700000000000001;1024.7351097258374;0.17127042718648963;1;1;15.3;257.48479231270704
10.8;1052.8397468191774;0.17459641974191448;1;1;15.3;257.08050664002917
10.9;1081.4700269368382;0.17798461857240688;1;1;15.3;256.67093509854544
11.0;1110.6321590066143;0.1814357584623212;1;1;15.3;256.2561161169161
11.1;1140.3324195944836;0.1849505822005306;1;1;15.3;255.83609155848143
11.200000000000001;1170.5771539830992;0.18852984070805906;1;1;15.3;255.41090682786418
11.3;1201.3727772496054;0.19217429316563378;1;1;15.3;254.98061098078665
11.4;1232.725775342808;0.1958847071411607;1;1;15.3;254.5452568371764
11.5;1264.6427061596787;0.19966185871712175;1;1;15.3;254.10490109764123
11.6;1297.1302006212668;0.2035065326179014;1;1;15.3;253.65960446339207
11.700000000000001;1330.1949637479884;0.20741952233704003;1;1;15.3;253.20943175969552
11.8;1363.8437757343265;0.21140163026441733;1;1;15.3;252.75445206293924
11.9;1398.083493022973;0.21545366781336958;1;1;15.3;252.29473883139542
12.0;1432.9210493784008;0.21957645554773975;1;1;15.3;251.83037003976725
12.1;1468.363456959899;0.22377082330886378;1;1;15.3;251.36142831760915
12.200000000000001;1504.417807394081;0.22803761034249478;1;1;15.3;250.88800109170785
12.3;1541.0912728468766;0.23237766542566587;1;1;15.3;250.41018073251809
12.4;1578.3911070950273;0.23679184699349437;1;1;15.3;249.9280647047456
12.5;1616.3246465970906;0.24128102326592787;1;1;15.3;249.44175572217245
12.6;1654.899311563974;0.24584607237443482;1;1;15.3;248.9513619068225
12.700000000000001;1694.1226070290004;0.2504878824886391;1;1;15.3;248.45699695256593
12.8;1734.0021239175217;0.25520735194290195;1;1;15.3;247.95878029326326
12.9;1774.5455401161048;0.2600053893628526;1;1;15.3;247.45683727555235
13.0;1815.7606215412748;0.26488291379186685;1;1;15.3;246.95129933638339
13.1;1857.6552232078436;0.2698408548174963;1;1;15.3;246.44230418540815
13.200000000000001;1900.2372902968343;0.27488015269785027;1;1;15.3;245.9299959923331
13.3;1943.5148592230005;0.2800017584879291;1;1;15.3;245.41452557934724
13.4;1987.4960587019664;0.2852066341659132;1;1;15.3;244.8960506187377
13.5;2032.1891108169807;0.290495752759406;1;1;15.3;244.3747358358085
13.6;2077.602332085297;0.29587009847163276;1;1;15.3;243.85075321721996
13.700000000000001;2123.7441345242005;0.3013306668075977;1;1;15.3;243.32428222486854
13.8;2170.6230267166798;0.3068784647001988;1;1;15.3;242.79551001542882
13.9;2218.247614876747;0.3125145106363014;1;1;15.3;242.26463166568246
14.0;2266.6266039144234;0.318239834782772;1;1;15.3;241.7318504037599
14.1;2315.768798500412;0.3240554791124748;1;1;15.3;241.1973778464236
14.200000000000001;2365.683104130412;0.3299624975302263;1;1;15.3;240.66143424252613
14.3;2416.3785281891583;0.335961955998717;1;1;15.3;240.12424872277361
14.4;2467.8641810141244;0.3420549326643934;1;1;15.3;239.5860595559337
14.5;2520.1492769589418;0.34824251798330674;1;1;15.3;239.04711441162468
14.6;2573.2431354565156;0.3545258148469249;1;1;15.3;238.50767062982862
14.700000000000001;2627.1551820818545;0.36090593870791177;1;1;15.3;237.9679954972709
14.8;2681.894949614623;0.36738401770587253;1;1;15.3;237.42836653081343
14.9;2737.4720791014106;0.37396119279306633;1;1;15.3;236.88907176801098
15.0;2793.896320917742;0.3806386178600878;1;1;15.3;236.35041006498147
15.1;2851.177535829818;0.38741745986151693;1;1;15.3;235.81269140174504
15.200000000000001;2909.3256960559884;0.3942988989415371;1;1;15.3;235.2762371951904
15.3;2968.350886327993;0.40128412855952583;1;1;15.3;234.7413806198264
15.4;3028.2633049519363;0.40837435561561375;1;1;15.3;234.2084669364842
15.5;3089.073264869031;0.4155708005762167;1;1;15.3;233.6778538291341
15.6;3150.791194716097;0.4228746975995381;1;1;15.3;233.14991174998687
15.700000000000001;3213.427639885838;0.43028729466104587;1;1;15.3;232.625024273051
15.8;3276.993263586875;0.4378098536789201;1;1;15.3;232.1035884563213
15.9;3341.4988479035705;0.44544365063947583;1;1;15.3;231.58601521277586
16.0;3406.955294855626;0.4531899757225593;1;1;15.3;231.07272969036356
16.1;3473.3736274574753;0.46105013342692014;1;1;15.3;230.56417166116492
16.200000000000003;3540.7649907774467;0.4690254426955558;1;1;15.3;230.06079591991534
16.3;3609.1406529967385;0.47711723704103415;1;1;15.3;229.56307269208025
16.400000000000002;3678.8396369001885;0.4853656375029809;1;1;15.3;229.0691983616233
16.500000000000004;3751.224992521769;0.4939319517777242;1;1;15.3;228.57069678589437
16.6;3824.789319245866;0.5026377892598658;1;1;15.3;228.07911681133427
16.700000000000003;3899.553363738801;0.5114856051761896;1;1;15.3;227.59505528180154
16.8;3975.538392370127;0.5204779162568197;1;1;15.3;227.11913518451638
16.900000000000002;4052.766205694526;0.5296173024490564;1;1;15.3;226.6520068296738
17.000000000000004;4131.259153307864;0.5389064086754869;1;1;15.3;226.19434908668174
17.1;4211.040149086774;0.5483479466374881;1;1;15.3;225.746870679766
17.200000000000003;4292.13268682116;0.5579446966652261;1;1;15.3;225.31031154581916
17.3;4374.560856249336;0.567699509615306;1;1;15.3;224.88544425750914
17.400000000000002;4458.349359505763;0.57761530881725;1;1;15.3;224.47307551481305
17.500000000000004;4543.523527991481;0.5876950920699978;1;1;15.3;224.07404770829407
17.6;4630.109339677703;0.597941933689669;1;1;15.3;223.68924055760394
17.700000000000003;4718.133436853223;0.6083589866098489;1;1;15.3;223.31957282886194
17.8;4807.623144326451;0.6189494845356748;1;1;15.3;222.96600413474323
17.900000000000002;4898.606488093408;0.6297167441530661;1;1;15.3;222.6295368212943
18.000000000000004;4991.112214482962;0.6406641673944334;1;1;15.3;222.3112179456922
18.1;5085.169809791104;0.6517952437622608;1;1;15.3;222.01214134937246
18.200000000000003;5180.809520416193;0.6631135527119755;1;1;15.3;221.73344983116542
18.3;5278.062373507494;0.6746227660955615;1;1;15.3;221.47633742531175
18.400000000000002;5376.960198139515;0.6863266506673983;1;1;15.3;221.24205178946644
18.500000000000004;5477.535647025013;0.6982290706538476;1;1;15.3;221.0318967080521
18.6;5579.822218779892;0.7103339903881529;1;1;15.3;220.847234716588
18.700000000000003;5683.854280753386;0.722645477012235;1;1;15.3;220.68948985289737
18.8;5789.667092437357;0.7351677032470244;1;1;15.3;220.56015054138874
18.900000000000002;5897.296829468884;0.7479049502330041;1;1;15.3;220.46077261691093
19.000000000000004;6006.780608240463;0.7608616104426583;1;1;15.3;220.39298249500575
19.1;6118.156511132803;0.7740421906666038;1;1;15.3;220.35848049571635
19.200000000000003;6231.463612385216;0.7874513150751735;1;1;15.3;220.35904432846735
19.300000000000004;6346.742004619175;0.8010937283572988;1;1;15.3;220.39653274590165
19.400000000000002;6464.032826030907;0.8149742989385689;1;1;15.3;220.4728893749528
19.500000000000004;6583.378288269327;0.8290980222803936;1;1;15.3;220.5901467338395
19.6;6704.821705015794;0.8434700242622241;1;1;15.3;220.75043044410208
19.700000000000003;6828.40752128293;0.8580955646488675;1;1;15.3;220.95596364725196
19.800000000000004;6954.181343449741;0.8729800406449397;1;1;15.3;221.2090716360819
19.900000000000002;7082.189970051014;0.8881289905385815;1;1;15.3;221.51218671118218
20.000000000000004;7212.481423339198;0.9035480974365915;1;1;15.3;221.86785327373482
20.1;7345.104981637472;0.9192431930931919;1;1;15.3;222.27873316620602
20.200000000000003;7480.111212503141;0.9352202618346913;1;1;15.3;222.7476112731373
